time (epoch),Bx (uT),By (uT),Bz (uT),dBx (uT),dBy (uT),dBz (uT),pos (cm)
1761345249.3652112,-0.04389999999999894,0.038999999999997925,-1.5582999999999996,0.8250000000000001,0.9850000000000001,0.419,120
1761345256.9822376,-0.09390000000000231,0.030999999999997696,-1.4682999999999997,0.836,0.9810000000000001,0.511,119
1761345265.89456,-0.06289999999999907,0.013999999999998458,-1.3392999999999997,0.831,0.978,0.6379999999999999,118
1761345276.0184476,-0.013900000000002244,0.09299999999999864,-0.9782999999999995,0.8200000000000001,0.99,0.8119999999999999,117
1761345284.7301283,-0.14089999999999936,0.05599999999999827,-0.6952999999999998,0.846,0.986,0.8300000000000001,116
1761345292.3123477,-0.06790000000000074,-0.00500000000000167,-0.4492999999999997,0.8340000000000001,0.974,0.766,115
1761345298.8504057,-0.029900000000000482,0.09399999999999853,-0.24329999999999963,0.8240000000000001,0.993,0.639,114
1761345308.2222788,-0.06990000000000052,0.033999999999998476,-0.18029999999999935,0.8350000000000001,0.982,0.5820000000000001,113
1761345316.584994,-0.0818999999999992,-0.031000000000002137,-0.14929999999999943,0.8350000000000001,0.969,0.5539999999999999,112
1761345324.581754,-0.15589999999999993,0.07599999999999829,-0.1092999999999994,0.849,0.989,0.5569999999999999,111
1761345331.4610116,-0.10390000000000121,0.036999999999998145,-0.0872999999999996,0.8400000000000001,0.9850000000000001,0.579,110
1761345509.2127907,-0.10190000000000143,0.13699999999999823,-0.0032999999999994145,0.841,0.998,0.6779999999999999,109
1761345516.7950013,-0.1269000000000009,0.049999999999997824,0.1377000000000006,0.8450000000000001,0.989,0.805,108
1761345523.8663132,-0.08389999999999898,0.0639999999999985,0.3017000000000003,0.833,0.99,0.903,107
1761345531.6992946,-0.15890000000000182,0.1499999999999979,0.3857000000000005,0.8500000000000001,1.0,0.938,106
1761345539.6500218,-0.1069000000000031,0.11599999999999833,0.6497000000000003,0.841,0.994,0.9950000000000001,105
1761345547.2434146,-0.13090000000000046,0.09599999999999831,0.7387000000000005,0.8440000000000001,0.992,0.997,104
1761345555.6186645,-0.19690000000000207,0.13499999999999845,0.9807000000000005,0.8540000000000001,0.997,0.963,103
1761345562.7198222,-0.16189999999999927,0.14899999999999802,1.2647000000000004,0.849,0.998,0.832,102
1761345571.3701253,-0.16389999999999905,0.18899999999999806,1.3537000000000003,0.849,1.001,0.7679999999999999,101
1761345578.018546,-0.0959000000000021,0.07199999999999873,1.5117000000000003,0.837,0.9909999999999999,0.624,100
1761345591.8366494,-0.16890000000000072,0.014999999999998348,1.6237000000000008,0.853,0.982,0.532,99
1761345600.133738,-0.1819000000000015,0.036999999999998145,1.6237000000000008,0.853,0.982,0.53,98
1761345608.792184,-0.14289999999999914,-0.047000000000001485,1.7097000000000007,0.847,0.962,0.519,97
1761345616.6518023,-0.10790000000000077,0.010999999999997678,1.7657,0.839,0.98,0.54,96
1761345623.502497,-0.12490000000000112,0.029999999999997806,1.888700000000001,0.8440000000000001,0.98,0.608,95
1761345630.752334,-0.09790000000000187,-0.050000000000002265,2.0337000000000005,0.837,0.963,0.698,94
1761345642.6862276,-0.19090000000000273,0.12399999999999856,1.9727000000000006,0.856,0.997,0.661,93
1761345650.663237,-0.12189999999999923,0.09399999999999853,1.9107000000000007,0.841,0.9909999999999999,0.619,92
1761345658.1729531,-0.03890000000000171,0.08799999999999808,2.1987,0.823,0.992,0.774,91
1761345666.5800114,-0.18890000000000295,0.043999999999998485,2.3217000000000008,0.853,0.984,0.811,90
1761345673.340802,-0.13190000000000257,0.033999999999998476,2.3967000000000005,0.8440000000000001,0.983,0.8260000000000001,89
1761345680.2229166,-0.19390000000000018,0.1609999999999978,2.364700000000001,0.856,1.001,0.8210000000000001,88
1761345687.432974,-0.16890000000000072,0.16899999999999804,2.6077000000000004,0.853,1.001,0.836,87
1761345695.3598182,-0.19989999999999952,0.18699999999999828,2.714700000000001,0.857,1.002,0.8200000000000001,86
1761345702.6200736,-0.13889999999999958,0.1859999999999984,2.8346999999999998,0.8450000000000001,1.004,0.786,85
1761345711.6916478,-0.19589999999999996,0.13799999999999812,3.0447,0.856,0.998,0.6759999999999999,84
1761345718.8643484,-0.15390000000000015,0.21299999999999764,3.1367000000000003,0.852,1.004,0.609,83
1761345726.184137,-0.17590000000000217,0.22199999999999775,3.1697000000000006,0.8540000000000001,1.0050000000000001,0.594,82
1761345735.1821003,-0.2519000000000027,0.16699999999999826,3.2786999999999997,0.868,0.998,0.655,81
1761345740.5614915,-0.24189999999999934,0.25399999999999867,3.522700000000001,0.863,1.006,0.858,80
1761345750.3338652,-0.14890000000000292,0.2949999999999986,4.088700000000001,0.8500000000000001,1.006,1.014,79
1761345756.9649916,-0.21689999999999987,0.2719999999999978,4.3727,0.8640000000000001,1.008,0.963,78
1761345764.2030463,-0.19090000000000273,0.28699999999999837,4.6777,0.858,1.007,0.795,77
1761345772.6274178,-0.08890000000000065,0.32099999999999795,4.9567000000000005,0.8400000000000001,1.007,0.45499999999999996,76
1761345781.0527658,-0.18690000000000317,0.38699999999999846,5.0207,0.8550000000000001,1.016,0.38899999999999996,75
1761345787.8903997,-0.19390000000000018,0.4369999999999985,5.144700000000001,0.857,1.016,0.45499999999999996,74
1761345796.1446805,-0.17490000000000006,0.4339999999999977,5.2937,0.8540000000000001,1.011,0.605,73
1761345803.3040738,-0.18489999999999895,0.49799999999999844,5.598700000000001,0.856,1.025,0.785,72
1761345810.954006,-0.22190000000000154,0.5689999999999984,5.7887,0.8599999999999999,1.017,0.8300000000000001,71
1761345818.1895611,-0.27490000000000236,0.5739999999999978,6.226700000000001,0.871,1.018,0.7829999999999999,70
1761345826.2943854,-0.3149000000000024,0.7099999999999984,6.4107,0.873,1.036,0.731,69
1761345834.7149186,-0.30890000000000306,0.6949999999999978,6.6957,0.872,1.031,0.8150000000000001,68
1761345842.3436458,-0.3509000000000029,0.9579999999999977,7.0487,0.871,1.026,0.9760000000000001,67
1761345850.2522333,-0.37590000000000234,1.0409999999999986,7.825700000000001,0.882,1.025,0.931,66
1761345856.77527,-0.546899999999999,1.2139999999999984,8.248700000000001,0.893,1.007,0.66,65
1761345863.4248588,-0.7238999999999995,1.1719999999999986,9.066699999999999,0.8840000000000001,1.006,0.906,64
1761345872.9447763,-0.8449000000000018,1.6899999999999982,9.8547,0.875,0.9470000000000001,0.606,63
1761345880.8657055,-1.110899999999999,1.8549999999999978,11.026700000000002,0.842,0.921,0.959,62
1761345887.7495773,-1.2299000000000015,2.4609999999999976,12.3967,0.837,0.777,0.903,61
1761345893.8393238,-1.9029000000000007,3.2819999999999983,13.667700000000004,0.908,0.944,0.949,60
1761345901.779956,-2.1568999999999994,3.907999999999998,16.1557,0.887,0.938,0.817,59
1761345909.1044047,-2.339899999999999,3.7719999999999985,18.7817,0.828,0.97,0.735,58
1761345916.3264782,-2.6119000000000003,4.6949999999999985,21.518699999999995,0.74,0.79,0.666,57
1761345923.210585,-2.9829000000000017,6.042999999999998,23.8307,0.776,0.593,0.993,56
1761345929.740449,-2.483900000000001,8.338,26.3057,0.7879999999999999,0.765,0.727,55
1761345999.4038515,-3.309899999999999,8.705999999999998,29.939700000000002,0.877,0.859,0.6579999999999999,54
1761346007.791979,-3.894899999999999,9.160999999999998,32.740700000000004,0.866,0.621,0.813,53
1761346013.998801,-3.8259,10.481999999999998,35.0737,0.891,0.8160000000000001,0.475,52
1761346020.2523804,-3.8508999999999993,11.515999999999998,36.506699999999995,0.865,0.822,0.655,51
1761346029.4434223,-4.0639,12.462999999999997,38.2697,0.842,0.611,0.47100000000000003,50
1761346035.1858594,-4.2749000000000015,13.291999999999998,39.456700000000005,0.841,1.012,0.801,49
1761346041.969808,-4.539900000000001,14.492999999999999,39.973699999999994,0.8599999999999999,0.7679999999999999,0.721,48
1761346049.0203147,-4.720900000000001,15.544999999999998,41.209700000000005,0.891,0.747,0.846,47
1761346056.261755,-4.7338999999999976,16.965,41.7337,0.8939999999999999,0.939,0.46399999999999997,46
1761346063.4669428,-4.954899999999998,17.65,41.87670000000001,0.9089999999999999,0.629,0.542,45
1761346075.6764164,-5.297899999999998,18.913999999999998,42.227700000000006,0.849,0.777,0.771,44
1761346082.2011635,-5.551900000000001,19.938999999999997,42.5577,0.765,1.0290000000000001,0.8340000000000001,43
1761346089.4172566,-5.259899999999997,21.442999999999998,42.664699999999996,0.862,0.847,0.8260000000000001,42
1761346094.853858,-5.213899999999998,22.384999999999998,42.7657,0.876,0.832,0.806,41
1761346102.3596718,-5.381899999999997,23.708,42.7637,0.822,0.903,0.8069999999999999,40
1761346108.6305342,-5.4949,24.311999999999998,42.73870000000001,0.7879999999999999,0.513,0.813,39
1761346114.560405,-5.732900000000001,25.532,42.75370000000001,0.7240000000000001,0.7130000000000001,0.8089999999999999,38
1761346120.758031,-6.0809,26.711999999999996,42.5677,0.782,0.987,0.8340000000000001,37
1761346126.969211,-6.5859000000000005,28.215,42.4627,0.8450000000000001,0.862,0.829,36
1761346132.7315018,-6.954900000000002,29.255999999999997,42.234700000000004,0.7330000000000001,0.787,0.774,35
1761346166.8417585,-7.943900000000001,30.575000000000003,42.0507,0.8260000000000001,0.7000000000000001,0.6779999999999999,34
1761346173.7372365,-8.202900000000001,31.537999999999997,41.7877,0.895,0.8119999999999999,0.481,33
1761346179.7994192,-8.2249,32.68599999999999,41.709700000000005,0.897,0.81,0.45699999999999996,32
1761346186.643553,-8.478900000000003,34.449,41.575700000000005,0.872,0.721,0.545,31
1761346192.7570157,-8.922900000000002,35.629,41.292699999999996,0.5630000000000001,0.622,0.791,30
1761346198.9672112,-9.272900000000002,36.067,40.932700000000004,0.5720000000000001,0.8400000000000001,0.968,29
1761346205.8085055,-9.590900000000001,37.38499999999999,40.2897,0.79,0.598,0.9229999999999999,28
1761346216.0075984,-10.015900000000002,38.653999999999996,39.9307,0.858,0.817,0.6930000000000001,27
1761346224.4204192,-9.021900000000002,39.459,39.7857,0.424,0.888,0.656,26
1761346231.061294,-8.108900000000004,41.647,39.5287,0.8799999999999999,0.872,0.777,25
1761346239.9599476,-7.897900000000002,42.702,39.0347,0.804,0.8160000000000001,0.813,24
1761346246.921602,-8.091900000000003,44.087999999999994,38.5737,0.875,0.634,0.542,23
1761346254.091756,-8.4229,45.550999999999995,38.354699999999994,0.8840000000000001,0.684,0.387,22
1761346260.8419251,-8.1559,46.278999999999996,38.118700000000004,0.888,0.949,0.6419999999999999,21
1761346267.7828882,-7.420900000000003,47.596,37.5687,0.292,0.398,0.963,20
1761346274.5887356,-7.266900000000003,48.815999999999995,36.9467,0.44200000000000006,0.742,0.903,19
1761346281.0988932,-7.3369,50.242000000000004,36.490700000000004,0.322,0.917,0.6579999999999999,18
1761346287.4000554,-7.274900000000002,51.346,36.2527,0.431,0.754,0.752,17
1761346294.3696077,-7.411900000000003,52.75399999999999,35.8997,0.275,0.96,0.8340000000000001,16
1761346302.6906345,-7.323900000000004,54.222,35.2657,0.353,0.33599999999999997,0.605,15
1761346309.8116355,-7.440900000000001,55.135,34.9517,0.32399999999999995,0.8340000000000001,0.513,14
1761346317.120381,-7.4259,56.458,34.3827,0.295,1.001,0.927,13
1761346323.6198127,-7.483900000000004,57.527,33.4477,0.403,0.536,0.8150000000000001,12
1761346329.4150815,-7.6609,58.757000000000005,33.0997,0.633,0.888,0.6519999999999999,11
1761346335.1136155,-7.667900000000001,60.079,32.6847,0.64,0.9610000000000001,0.823,10
1761346341.1544037,-7.522900000000002,60.87,32.0277,0.46399999999999997,0.41500000000000004,0.654,9
1761346347.2611952,-7.388900000000003,62.04,31.706699999999998,0.262,0.813,0.39899999999999997,8
1761346353.0908492,-7.385900000000001,63.498999999999995,30.9587,0.269,0.915,0.959,7
1761346359.3516586,-7.4069,64.208,29.9657,0.279,0.429,0.6819999999999999,6
1761346366.382848,-7.4589,65.36500000000001,29.6997,0.35700000000000004,0.8079999999999999,0.6859999999999999,5
1761346373.2123356,-7.512900000000002,66.5,29.064700000000002,0.44999999999999996,1.022,0.8260000000000001,4
1761346379.5030522,-9.0959,67.586,28.3647,0.356,0.35200000000000004,0.529,3
1761346386.1020348,-10.7719,68.5,27.5417,0.584,0.829,0.997,2
1761346391.8223062,-10.944900000000002,69.448,26.760699999999996,0.635,0.949,0.791,1
1761346398.639041,-9.501900000000001,70.82,26.4007,0.746,0.47100000000000003,0.6679999999999999,0
