Ending Spin,Theta,Collision Count,Min Adiabaticity
0.9854816594135636,23.96378354685902,7,0.298330003743839
0.9192859133428137,45.822723497150754,14,0.3184882059283679
0.9663052780027103,28.57396493771253,7,0.2974517854168512
0.9651663863741335,35.19421692457444,13,0.31539686093337727
0.9911206368843478,14.421090401335688,4,0.3087594261549748
0.992721611473353,16.98439104679906,4,0.2560097180533486
0.990138497782779,31.493199234186825,8,0.3521391703943621
0.9800440504726041,19.75089381089086,5,0.3119248667130217
0.9479339010266541,48.485156182063456,15,0.3245240353030368
0.9917324946421112,41.09884163866843,17,0.290244971602546
0.9826240488393702,34.92937773717667,19,0.3838070673621891
0.9736794453201132,34.87944774986716,11,0.3458629326517243
0.9903947744033721,29.720166650952383,9,0.24182968972845492
0.9961610246937036,29.205121486495862,11,0.31684386624194477
0.9987218905290511,24.209142999056986,12,0.33398466568838575
0.9960348047447771,44.780249733514694,15,0.427267095500213
0.964453330676753,41.53312490364865,12,0.40660103210582593
0.9680377495810675,38.82354403879831,11,0.3920707803388099
0.9951938054149753,47.392777104578265,22,0.4136414519586744
0.9297233420474857,50.90074021245049,17,0.40639586103230957
0.9979516668457111,46.98978014438319,30,0.36475248378911723
0.9937840369474591,45.04936701580065,13,0.47349713309462693
0.989511068851854,53.03925232417252,18,0.3485046641976298
0.994710142437894,19.273800013366348,7,0.2551320500951038
0.9851729704484157,49.909716194226895,29,0.32103366972967823
0.9683078078990008,13.0925373699096,4,0.26902206228417963
0.9976126048999819,18.314888909741367,4,0.3390367622624187
0.9899260398317857,14.872657751479322,4,0.34407786495888276
0.9884262553734197,12.423965300857787,3,0.2337388070709897
0.9909617522625411,37.59512804834132,11,0.3799836525274135
0.9153625078277584,37.0376524890989,11,0.37558358176286316
0.9899993863984201,17.943958464187084,8,0.2585823084911957
0.999649438746245,42.77713664524173,14,0.2893691389001952
0.9684365970833209,26.901692828816337,10,0.3905795372208192
0.9986474415712422,22.29801413623317,7,0.3055266118485335
0.9761035406843857,25.800982945135004,8,0.3209947487565386
0.9871516463842996,40.05017340955291,14,0.3632400781452447
0.9798078713762213,49.3064736316666,19,0.3695292768590274
0.8896801077739521,49.23280853185532,16,0.43058796873852884
0.9926952914220383,49.19159463479641,16,0.45042875412569183
0.9843399469177679,39.99829036189959,25,0.3231404090824403
0.992210612432387,43.12849990203371,15,0.3332385224355186
0.98602015798759,33.88173084408138,11,0.3477421389670086
0.985442177382397,25.355085784662098,11,0.3260513637786794
0.9947184433233375,43.97560861798094,15,0.3832272973456639
0.9955685627687094,17.964555120335856,7,0.2599374992833668
0.9990589576197904,30.612501619489557,9,0.27787475022718644
0.9394718320085292,36.511420380852236,10,0.35373083272827655
0.9922155285103821,10.089241186654288,3,0.21076499623922876
0.9872181393680352,39.15658451726297,15,0.4224473901581696
0.9959521904475847,45.08713747571063,16,0.4150471145874481
0.9788731151629064,39.82948247150626,15,0.32099789969526404
0.9946915648408035,29.236521960257452,8,0.2604770809653811
0.951467011257007,37.44188660205985,10,0.3121791704051603
0.9936930532533431,42.520843297231934,20,0.4133451101085911
0.9972901465386756,5.444727332178572,2,0.19772705307423807
0.9547867110374867,50.184308572993466,16,0.40983955105901104
0.9845215032618152,43.599913494140445,32,0.35957596077397636
0.9716996702738291,45.283528084102855,14,0.4740777638853899
0.9964828318061515,8.002206716009372,2,0.2660424977709988
0.9702274979816218,27.671249827104358,7,0.318103543922804
0.9894870656593371,34.38318846690929,29,0.2829203423134391
0.9955989261664444,12.949474612821076,4,0.28536017062486807
0.9858770503484795,44.52815929649808,14,0.2770311769696579
0.9943298460622292,20.60192672014726,8,0.24418700516925423
0.9811661182553236,43.52039669993214,23,0.417334332909119
0.9306688905910753,42.879030192384405,12,0.40562403189403423
0.9921228538480767,33.6624597403406,13,0.26932280984698714
0.802431187952345,47.50625052776197,15,0.3952446847128102
0.9810640422639256,24.12302042087967,6,0.30059561424480424
0.9088101117109996,51.889782924508985,17,0.4019989070231912
0.8900090545743924,45.40868927364853,14,0.3706531111817882
0.9589772873183787,52.325117606621696,21,0.4097803043647848
0.97222888471638,46.090959214511436,44,0.35001160565880013
0.9719062511575076,36.03434414740317,11,0.380196405870963
0.9836012142467615,18.43698003312639,4,0.30193851700402574
0.9460990643862318,45.68349490218152,17,0.37606422029529263
0.9458241179174124,47.56028539540657,15,0.4421952900444125
0.9926613062750884,43.00473606675735,13,0.4040899794883882
0.9968254418882445,9.07318064983134,2,0.3196474882441359
0.9828889331858782,43.4675568818801,14,0.42804876007860054
0.9459163497892398,21.92125601714789,6,0.3188051452149988
0.9927398910928152,11.123703959778624,3,0.23726484158644937
0.948240917526041,27.287338357137106,7,0.20163887424375815
0.9910417986758037,40.956343320794154,13,0.43652252740536074
0.9943811461734444,30.481717896363648,8,0.28284307177154233
0.9909938964498209,52.256771367419034,18,0.4911126262324043
0.99178581293661,52.398002803523106,18,0.4427162363195112
0.9682983255835509,20.467457143795368,6,0.23835399712794486
0.9616274397956024,36.74051857367053,12,0.3532565302417538
0.9855844990903104,6.294255817905603,2,0.2048381940048211
0.9987536846309522,13.078777342921994,3,0.18870506858957214
0.9537680049207793,16.19573982003147,5,0.3228972622382515
0.9996811918824418,13.21670963945142,3,0.2974210617253266
0.9988362587354289,16.589465280974185,4,0.30425762312060894
0.966541133570563,9.046770485619716,4,0.19986958947457523
0.9334852886113496,31.87224941798635,9,0.2315064887357666
0.9941729094388486,10.080567163574333,3,0.29994473183605624
0.9741104480273458,32.07913099284731,9,0.33903961622341056
0.996548914359314,52.11281629941053,21,0.37505602328813303
0.9499928480101172,42.764990218217456,13,0.3641873068609423
0.9948068938958567,27.301649894912856,9,0.3138716723733013
0.9966547712637075,21.93750248497213,6,0.2988921679595179
0.9983930486460829,51.0875199570788,26,0.519302381598739
0.9794020047425754,50.95871154818105,17,0.4114428860641974
0.9774984855176349,24.696584777281977,7,0.2822672591167174
0.9594676866449207,5.073517329799785,2,0.2640061618348238
0.9980790637270405,30.23849053051803,8,0.38743138547760375
0.9859227070098152,29.256511434657487,7,0.29443531426856984
0.9929254768798531,28.369463612245692,8,0.3426392480638776
0.9808113602912493,16.648250647003895,5,0.2853870604055579
0.9816329463093865,12.200432007524094,4,0.27624638124064055
0.9366827827119851,49.46590173984206,16,0.39249677851420134
0.9940025373760624,37.486171808695566,12,0.378512194778087
0.9903695239952458,43.180975888361246,13,0.33961154139162414
0.9630961941823633,38.724682165174706,13,0.3093237476834405
0.9905421160065323,45.513366135265024,14,0.3964156122035762
0.9948572625422859,49.2931284879719,18,0.2854726554756793
0.9997567364325137,12.585044677216558,6,0.2947806357609365
0.981122929033272,45.347280064936726,17,0.27723896640909
0.9816295639456101,11.856616845865831,11,0.22046773710151568
0.9645226672151264,48.6148942058461,19,0.4205391204955486
0.9673050894420803,48.87416496269819,20,0.522976385668945
0.9159428817577602,43.410739311941555,31,0.30107608374276396
0.9993905514932777,26.77506290057297,14,0.3037538623339357
0.9765746586256571,22.775889794967007,7,0.23402742268976798
0.9975360838814934,27.81555602751454,7,0.33772057991379284
0.991846744470404,27.3647987404945,8,0.3089687332439036
0.8509616526162657,52.2344014539669,18,0.3058592438452256
0.9872901763845782,41.337472705262336,12,0.3910142966433632
0.9550354767453276,33.91074497697874,15,0.2924665722358456
0.9533842012132336,39.87171367943803,15,0.21520249073264364
0.8943184218143725,34.30216442127771,10,0.22654309864768346
0.9111850747739743,45.70067504270112,15,0.39971658154707096
0.9345146467705847,52.88713847437058,24,0.3077011519618071
0.9997457517900443,21.030149804814,6,0.30735856030068903
0.9751589152736632,31.754104763897843,9,0.2934574506550054
0.9953541720316886,34.873904802637036,11,0.3953790415042368
0.9865966646052785,38.48600893455385,12,0.3752886005895012
0.9139575338284206,52.91005765839922,18,0.47535693381876715
0.9775975544469505,29.017470238183083,9,0.2958230810946224
0.9468900193072711,51.594540832846576,18,0.2916293707506026
0.9973807384506836,22.1245467680083,7,0.3287079283230001
0.9943300391100488,42.82260312179773,12,0.3097020772564516
0.9980237150616945,21.152000146170025,9,0.27069715584806703
0.9986266852831217,22.115923179814803,7,0.30592477478363
0.9771778919856091,29.988859888213685,11,0.3062581797164755
0.9768521941596875,41.496550441949104,12,0.31771374668386204
0.9621600633126057,37.6811431459967,11,0.28486029715187094
0.9910168944931269,27.52628263431816,8,0.2688839561027878
0.9919642522678148,50.4649754388325,35,0.4611153835921757
0.9936375650140596,45.25485574065761,23,0.42689584233511446
0.9781102953829436,11.061105269187102,4,0.19542428962898514
0.9579515027421891,35.534199161668475,10,0.3025797953830243
0.9803003555743746,43.960592959257724,17,0.3143987635532764
0.9891833010727004,30.153455167845756,10,0.307848446826051
0.9329924902180323,43.88655444637731,14,0.483942199405373
0.990105124598159,52.897422891494216,20,0.27563932480591186
0.9882442278182032,7.648040254607754,2,0.25367256245427966
0.9928793656762708,48.0980198101235,17,0.41417540205109893
0.9555794209290651,36.8645429378428,10,0.40377452414914794
0.9944449207409513,47.35581084614054,21,0.22537656193808808
0.9707049854330367,34.746412753611814,12,0.32029863033836947
0.9992592441142308,4.534538202725668,1,0.2595573699357193
0.9973866853585434,19.40523517640689,5,0.3589362988516171
0.9474803177689647,41.408202019003646,12,0.40155179477960695
0.971564674838275,28.57837274537452,8,0.3069888441373762
0.9296985211629916,42.347817412489896,13,0.3404793256288568
0.9934067226811751,1.013628049309874,0,0.26031006492285613
0.9667919007048611,34.625649071626505,12,0.41384767287219754
0.9706907337765572,40.36124430207799,12,0.3808163708975056
0.9812520777567293,46.452020934780464,15,0.2485447676566914
0.939597062687528,38.64575090348008,11,0.23201317904728525
0.9938919249417693,40.513746287278295,15,0.4044620228540432
0.9863805641430432,33.757004527498545,12,0.3300892439865542
0.9936921641967779,52.31053659437284,20,0.45337326430676095
0.9878657075634651,51.40576523183412,19,0.36496757971227395
0.9662824829788486,49.710067927846566,18,0.4321443958976855
0.9793779640959699,52.40087959280386,20,0.4850122735033501
0.9966103185646314,27.71372331294336,8,0.36819850605617743
0.927259985847352,49.50659563722601,16,0.5138949115444759
0.9372120692336037,37.64830603744004,11,0.3515903717675152
0.9917540026721432,21.771961064394517,11,0.2632130470338217
0.8927121998919032,50.65746448643662,17,0.34565729027739844
0.9797541970154166,20.383025190837483,5,0.32930920509696243
0.9831649213122761,28.28431955836502,8,0.23429999445004537
0.984930114303221,49.30192829998687,17,0.2916237150651182
0.9882532864262432,22.442182988207897,7,0.2594232957924545
0.9616181526024571,23.41693905278464,6,0.3288179359643014
0.9924755086075571,23.506341997018016,8,0.28335256533860825
0.9862733426809785,36.462623229890454,14,0.37981882237623416
0.9748503950236519,1.8213697831077689,1,0.3456952435645049
0.9986378427966607,26.171091281048238,7,0.26868538180715035
0.9875146225078157,27.001323029112324,10,0.30528304987747157
0.9914661160644404,20.494289658821252,7,0.256179438263513
0.99136358515879,50.27611047003365,20,0.3762524970152505
0.9506632513323569,25.860525942466996,11,0.28762704928896404
0.9795317118945988,11.509336948479408,3,0.33361508768469483
0.9780085027825128,34.674917184721195,11,0.31921942670921855
0.9212536208459324,48.303071541642055,18,0.44321939811004707
0.9140611318446725,47.054852122498,16,0.43564797761771146
0.9767547816011023,36.406404648736306,10,0.32859547703050285
0.9971531894021716,22.412587359153385,7,0.21009488616088945
0.9925826105447456,34.56910037591291,9,0.3407466754850859
0.9681203854308928,44.256778933480845,29,0.3565789595108755
0.9828477320861232,40.807629561437366,12,0.30847458504764225
0.9646910287741326,52.47140028654865,21,0.4521964092110562
0.8924186681108912,44.781010485766636,14,0.3919190050202741
0.9711817863476808,52.904389353954606,19,0.2772588836691778
0.9979049199124371,16.616817743794464,4,0.23943652949211672
0.9949435714667813,29.245199140085113,8,0.3662254565996355
0.9933463934966233,4.56378439366765,1,0.292525570467072
0.9903909024038515,23.218075919069545,8,0.18823719413238685
0.9764070146315118,43.05726091620545,13,0.4211161235666381
0.995988544357385,42.734299823349,13,0.5432505619506403
0.9853877102263572,36.217029418814946,11,0.30922388158372294
0.9237353364060604,48.62548609577827,17,0.3439538736037905
0.9819392169496214,41.648104375863014,13,0.38424696860680385
0.8617021292509509,50.787989132596785,17,0.44285718833580623
0.9453425069332095,40.61627430586193,12,0.3630409513510762
0.8488651546704078,46.10517617678686,15,0.3320735378294408
0.9820852534180952,38.30359126152381,13,0.37407189767485854
0.9753592987352129,31.35184392132616,11,0.28372228195527316
0.9155690484206085,49.091115046367634,16,0.3368183532935152
0.9947076554111305,30.168236232512214,9,0.2982482721825852
0.9843790556543618,42.93848375879146,13,0.39730274163828655
0.9383010978717521,51.82706396729003,17,0.33077835845251014
0.9912188706899566,33.80413393162566,11,0.39981895822262825
0.9449449641108906,43.96133142608748,18,0.3850408304917795
0.9930400445367222,7.511476343279806,2,0.2331981974413781
0.9629892810987768,36.511288364434755,12,0.24308017713330257
0.9994282432694502,10.8582587073919,3,0.27393213562071034
0.9907668257513855,21.947399808767436,6,0.31756383817971207
0.9632835638555864,42.664216011690556,14,0.41086793934382443
0.9814709589419386,42.128448024448005,14,0.42938278297866767
0.9330180064098558,41.8842261567503,12,0.3649540469721484
0.9981013251110734,30.18752727577143,9,0.2890804131027867
0.9949996512346129,24.07671475540387,7,0.2466217639554642
0.9524532528707754,31.707450997928415,8,0.2553279091749881
0.9973296977132508,14.297902645758853,3,0.27815862703371175
0.9571649255284771,37.12295544058965,12,0.2744923984446776
0.9977798071259465,15.450170359240342,5,0.3208146885673993
0.9960940585965015,49.62689363790906,19,0.3937113875676757
0.9898967603386294,14.294809030502867,4,0.3688270169452235
0.953620848515822,49.68473164920109,17,0.4554050253095102
0.9517281972794548,39.731405462051924,11,0.32574367379286434
0.7720687654688024,49.318575917732744,16,0.3639434952890177
0.9727531466957156,38.22121057105364,15,0.3959150836597375
0.9871733901424523,29.339029167299046,12,0.2675206304358446
0.9744921794974444,22.95134869193794,7,0.3609429645218676
0.9464900847021641,21.770121476509168,9,0.3643619939688846
0.9743484917937699,47.22759671936498,19,0.3509170667999181
0.9899202223155252,34.363998242996466,9,0.2814270453507285
0.8951334053589136,48.93830287075956,16,0.33015782083659856
0.9959705486488326,32.48706083984996,11,0.2596449059193827
0.8965675479802615,51.911797964840055,18,0.38992754821139103
0.9765658918878508,16.6411649682631,4,0.2277798076500425
0.947644153266552,25.625743732687724,11,0.2754260975764817
0.9999102902259523,18.905873471655603,6,0.31715746757979557
0.958829010099717,43.68313480907389,13,0.3415005950916581
0.9977567539736526,16.553977253312016,4,0.32731827480871745
0.9902179782198034,48.00885543130153,17,0.3459371019657697
0.993646610893099,18.407959920594816,5,0.36246416174560475
0.9689771534551465,28.150536464013598,8,0.2647599802781268
0.9926722155104818,36.876373102929364,10,0.37715516964452417
0.9309555022926865,33.22631058087397,9,0.41067362464820517
0.9747524880027331,22.486028469229606,6,0.31881933863853507
0.9294974045303,52.42175872784343,24,0.3897467148471613
0.9986497020371646,17.270810026226606,4,0.15921994808317527
0.989195250913834,21.64885278509867,5,0.3588989018315308
0.9562530521749435,25.83624040600571,7,0.2838066362378351
0.9514658843822513,49.24893765242477,81,0.47198838256459014
0.9503406563934239,27.742560872433913,10,0.3364241993283083
0.9380027125513927,45.75117567096146,18,0.3546018729174664
0.998482758498392,27.275649326527567,7,0.31833707664681093
0.9916118686794652,26.01513574387711,7,0.23605853347475778
0.934889080767122,50.94881207211909,29,0.2717382754750011
0.9771152778368394,26.49698755942595,11,0.26394965575179424
0.8709841285051307,39.56643529221103,11,0.2360024191158851
0.9939913494334962,22.108667688822205,7,0.2959164952635734
0.9526021559604863,35.37758271983805,11,0.30683070598306
0.9985748815656659,34.75704406271548,10,0.3463805217101877
0.978976182079098,49.34102844524426,22,0.32852967322154036
0.9815408447402535,47.49200194707492,16,0.3841309038727616
0.9929018743490008,19.90574757586901,7,0.2499358469630601
0.9910640873288645,28.014924937021092,11,0.3400902032990122
0.9921859435943899,18.41677666703436,5,0.3409557512025885
0.999184262680248,12.826669144280205,4,0.26743620668300905
0.9689610132112603,31.024373262303985,10,0.23048150815182417
0.9812184581587259,17.70859360969039,5,0.34575978588098505
0.9977956730934456,45.95324223314353,16,0.3358468593358005
0.94016500228947,38.36791200629736,14,0.39566558610044716
0.94849789602087,36.50925973799785,16,0.3317185372277739
0.9769606576648235,42.36019167529039,12,0.2890642050424632
0.9991131890691674,30.4577874701838,9,0.35034282347286166
0.9986498992217742,28.234520309789865,10,0.343104508826468
0.9956125707709852,34.4908147164102,10,0.27206287345300356
0.999291714813584,43.30001103939941,13,0.5479351753480103
0.9995492956038278,17.129102512749895,5,0.2752014971396058
0.9948536782306284,33.35447298569433,9,0.36233379613443745
0.9821354418924658,46.33766044565081,19,0.2988281134181934
0.9917204568510954,24.170438652946697,7,0.3125579754700246
0.9858829308448376,16.59919921031588,5,0.31093260044122556
0.9739722783208861,28.552019918894626,8,0.26472809083031806
0.9817725391073991,48.3459603095516,35,0.3858535339098611
0.9993708694420532,17.720685887102054,4,0.26681588537461637
0.9856805711684912,38.41382926871696,12,0.31120232536298303
0.9923469139732534,28.781271189420444,8,0.28046315597914734
0.9974884134515247,23.79147620269262,11,0.28255081990444686
0.9773349076646052,48.396636351747844,17,0.42093818575882075
0.9701626507119379,41.32979149820049,13,0.3276894568814873
0.9887308490772744,26.971924075799556,7,0.33644403957241176
0.9901672853024562,52.74624413783451,18,0.39996417983356436
0.9335706966329052,39.203453561879456,13,0.26596400552943655
0.969043448956845,22.747874190698727,9,0.29740975668186054
0.9960959674963107,26.995755768864285,7,0.2988411122830364
0.9736387991560851,38.07197560897307,12,0.34298877221541924
0.9642989647103365,37.00900079066625,11,0.2261509004050426
0.9820947461397904,32.02450984293353,11,0.29130146516951566
0.9811946107896602,42.81723850110795,16,0.3001917760126185
0.9975140064130882,9.599413661451173,2,0.21334645545170888
0.9751690098061829,20.525087346726423,7,0.2523291776234975
0.9764847287644711,41.38512285951516,13,0.44102705783608176
0.9981529096853895,50.131345985879555,21,0.2905727238027872
0.9783452394349157,42.563865215378165,27,0.3387914060211259
0.9895704836986102,39.366472368726,21,0.366383781298536
0.9600244433989636,35.978099156941,11,0.2364672151013571
0.9899335689439029,47.99375847864105,24,0.29915962096588555
0.9761434787646495,45.10820864021536,21,0.47147626170678353
0.9881396231762803,24.3924902503847,8,0.3139286015311622
0.9783755708967646,39.82286293379987,14,0.3589234153489891
0.9438048939224952,41.81213126297961,13,0.36616195264626455
0.9899912982018528,44.58105953364292,14,0.38025854509232293
0.9749891344439742,37.1901401515578,17,0.2666636774702538
0.9896313974061124,29.064918645267873,8,0.27944923706256364
0.8672973041602968,28.117579841215434,8,0.34630959964878383
0.9846436647578755,33.43021126637558,12,0.3549418369971094
0.965523491689208,51.88544823473667,19,0.47615636415776763
0.9937357677324777,39.91874149672639,12,0.2526471413525137
0.979362621755134,19.722844997356454,5,0.3041274008009223
0.9932327912162742,33.65969347016319,10,0.19953130720194798
0.9482409610406491,42.20131962827854,14,0.4051239445031704
0.9991707036835897,48.516598414342006,23,0.28226414555026413
0.9991529558811956,39.92453178058486,12,0.26879406978721937
0.9721972394547396,46.17026905826417,19,0.3631061322958637
0.9863756447386495,45.85990475850295,14,0.3149817432415641
0.9881042286466999,49.9510442787148,19,0.42412280488875165
0.9935495448027276,37.33400579074251,16,0.27059134993575096
0.9937197038046878,18.504840796600867,4,0.1449254894580081
0.9927737196281444,52.4536119118293,22,0.3866839675269063
0.9553840420390131,32.28604209804666,11,0.2545138952269552
0.9442129040818213,42.28095075662375,14,0.34070622152182295
0.8898033830547286,43.24852238125007,14,0.42539160375042073
0.999602979556058,36.28789841178623,12,0.3069667003887392
0.9711472861351722,50.10884078529452,21,0.34710683881716026
0.9944746673023107,34.731777722386674,10,0.4258825606378242
0.9782651539437157,47.06799811396037,18,0.36469070483493815
0.918958912736439,44.121630120905095,14,0.3951903894069175
0.9982505666726714,22.32622469329544,6,0.3664529989966252
0.9973057598305864,44.72090270313298,14,0.43137272629265266
0.8970034349641038,52.78389020350427,18,0.4344705784170169
0.9504091201516991,48.67517227815755,18,0.45355739642326004
0.941272540795184,37.95979330041815,11,0.3056702106580749
0.986302094810327,20.304554954013785,5,0.25188446651161
0.9935770844228214,16.71385373485684,4,0.27325423822770756
0.9800018501084009,24.801324599245426,6,0.2593398470480146
0.9876650971755422,42.95284459446359,12,0.30131861571273943
0.9978091435758695,26.03534883298342,7,0.3429464670777459
0.9929974690529254,26.065926339377288,7,0.3827576649903724
0.9815154282058061,33.296565529133105,13,0.31040793862044663
0.9624278292319782,24.52141612252529,8,0.30375518521279027
0.9969545921585897,36.04707224679801,13,0.3353077537080315
0.9460853077104879,34.501416653150415,10,0.4009337618109302
0.9980856949737799,50.45129214454563,20,0.4612377557804833
0.9769777788532971,41.662103230852466,15,0.33791912546792285
0.9967014469406316,48.22782805711645,19,0.4107777692841554
0.9948578162734224,37.81103495999457,29,0.39343389695889935
0.9851801388990629,13.928885169768884,4,0.27466660199854065
0.9894577047331333,26.706503978082978,9,0.2564395727697154
0.9752080700207646,34.080551644384734,12,0.29892625278539636
0.958157061041994,32.78741557014523,9,0.35887087472815155
0.9906610255403828,38.76018035724517,11,0.35393304198073744
0.983395814498067,52.45885235401116,24,0.33782662694767296
0.9965310335481261,15.481280356664344,4,0.31846728465273366
0.9652170953343212,43.511761427327066,14,0.41757346766222664
0.9877505190604462,10.80570505793264,4,0.2674832988913422
0.963975485472889,43.67573313735901,13,0.34694465612243197
0.9979960408451203,24.149310875509126,7,0.31946983243277016
0.9795314316784135,48.63334977364655,19,0.36288244339411924
0.9618783202799503,51.13837841629818,19,0.31010852804765376
0.915593197530358,41.04945430353214,13,0.4739935361991003
0.9728435405879408,44.65606864178824,14,0.44089290940074466
0.991649967771559,39.86039355442898,15,0.34011098218840563
0.9398110330948504,49.53693430520693,18,0.4526008935888621
0.9271478807450302,43.048233835050034,13,0.38080331951158414
0.9704801055421689,51.47352107404958,20,0.5126105679781529
0.9780069956602914,21.31285766176079,5,0.3231858273890004
0.9745264391013401,33.81078843081032,9,0.34984554959290326
0.9686288280295745,12.643505229694567,3,0.31532396385645917
0.8898008239590439,49.0878449357303,16,0.31985393325410155
0.9611416489608277,46.772949863617804,17,0.34862631441902203
0.9787893901447164,13.870464701637257,3,0.2807763588358609
0.9966521828324056,20.42506807976484,5,0.24043051896057863
0.9197493442114616,33.40583623029977,10,0.36846506276369295
0.9985328464405114,7.067275604053342,2,0.18804120922201562
0.9966118560180698,22.62257034117222,7,0.22971754145453116
0.9862050833298686,26.561953785163773,9,0.3544873730799191
0.989873606845635,38.22168549950054,12,0.35920462053163493
0.9975488913564824,32.57238137913249,9,0.24661889678999874
0.9737471989356089,36.835394489285264,11,0.3844368010744787
0.9814273701942315,49.21352271216432,32,0.346945035913888
0.9804108618694964,47.001064291561235,22,0.3310869217665451
0.9666901979689916,38.894128696815706,14,0.28247706562227515
0.8639737253120952,51.014814464948536,17,0.467449358146814
0.9959966312025084,5.917708563244863,1,0.2753239929973972
0.961080192536631,49.23747802940911,40,0.3301866231710225
0.9961619799129001,32.23799851681095,10,0.23688177139501473
0.9885273566753167,31.521026956590724,10,0.26207929799901636
0.9956324411838524,28.972100673593424,9,0.3554220487395332
0.9873501352386524,30.242970731045673,15,0.32089719262408906
0.9988158903879287,4.116551647743923,1,0.31891816313825505
0.9942029298070592,27.02146007667736,9,0.29485920012219147
0.9976744255208463,16.68956947549975,4,0.31331275285772625
0.9820507164326867,37.69415280573279,20,0.3314375105796638
0.9437887995535391,42.6594376015045,15,0.43006101158951837
0.9487221609749137,49.63450719756249,16,0.42812804547568567
0.9471470603226875,36.9727192874421,11,0.3260630324767024
0.9771966575534997,52.35446153984401,19,0.4631080837186468
0.9914249860485718,31.891409539583226,14,0.3552447265670645
0.9682723348429659,53.12657191525447,26,0.450533035779325
0.9359372303969414,43.1757220388923,13,0.31477971162280416
0.9907352905131843,28.008397956739607,7,0.2736483401065484
0.993287572379007,47.09838331125689,14,0.40827315920826523
0.9956881055700784,22.516477233848914,6,0.34628644956759247
0.9891997450263772,7.283226256984523,2,0.2173152193420347
0.9494559353145925,42.087048408889494,13,0.2970356037318535
0.9946599472755138,41.44884850986407,28,0.3210868902723882
0.9893580521146854,44.43852776994234,17,0.4407454742734298
0.930051823623815,44.17248590452538,15,0.35551803843360985
0.9943323761401157,46.64567240060749,16,0.3075136264693743
0.9996376248883532,9.241036954876988,2,0.34166699339247547
0.9600408397352956,43.52690248420111,13,0.4364803395641616
0.9599133452428721,34.23312363520946,10,0.30507310890639144
0.9628446357670402,51.86280980122399,19,0.30868225582691444
0.9755193218141144,37.452266196027395,25,0.3188594429968316
0.977945473903324,33.25899635482211,13,0.3540751225701117
0.9753191882825053,47.620703042714965,19,0.3773728055248368
0.9313603923430832,45.516243907590166,15,0.3372964389629323
0.9928756671610703,45.97976401600628,34,0.4122765127293327
0.9854226245285492,26.153268222243742,7,0.26513740279600984
0.9912237613219679,14.200487623837397,3,0.29077038957805235
0.9964939576765146,27.37845363790675,8,0.40763361148288596
0.9655043474729325,51.373663276709344,18,0.42051928809084804
0.996014422635297,28.761713500509618,8,0.33179049393105375
0.9439443132902313,32.89239122635882,20,0.3076830953250042
0.9971629087608226,11.696969988492043,3,0.3362213738540301
0.9985536000825683,17.946628931843982,4,0.20190853781173165
0.9952937041392622,21.73473309322825,5,0.26905782717055965
0.9896844711526063,25.316379058118994,7,0.2917851253139223
0.9849960040942548,27.322141417514082,8,0.24288456515594617
0.9924424897793446,28.184492210296494,8,0.35543834760347276
0.866559052781295,36.08336784963151,11,0.2841816281582481
0.9941252146280143,40.54711119850354,15,0.2754837054045383
0.9864949632232436,26.38184216117511,8,0.29425042256835676
0.9430728775325835,47.64531841184911,41,0.3269481303328938
0.9913077901168682,42.53107151995029,14,0.39223307674482305
0.9885653139934097,40.45457663850402,12,0.34711042196410125
0.9823687683890565,31.118290859334447,10,0.29120981184481803
0.9071101834971977,38.4943219743275,11,0.37682998836795956
0.9897420727443788,26.064134583183154,7,0.390141667635792
0.8401708686061401,52.482590655893326,18,0.44545084539982066
0.9982943050134655,26.654697730540317,9,0.3827596652615617
0.9846650517407676,37.80282495134157,18,0.36206380117051074
0.9072217425328511,52.77312899187188,18,0.49396792845307197
0.9528585222326925,50.020264269044624,17,0.3733568566987464
0.9904002308555374,32.507629885153584,9,0.25924141960991903
0.9954207107660741,28.43807201209695,9,0.2720544762988457
0.9922253823010038,29.577142758781854,9,0.34441558415922213
0.9827130401442147,47.31298323983719,24,0.36874909746333234
0.994728568031258,26.9183610709467,7,0.35060308468362084
0.9948301668499101,30.4221802296721,11,0.1944428948215533
0.9685484617467387,34.409981160402914,10,0.29827437614641783
0.9707049549370135,31.728778503439806,9,0.30716147937605826
0.9936633960176491,33.245151642422194,10,0.26140836879446383
0.9500275781743818,34.00445360430661,14,0.2950509903761609
0.9637124655278131,38.67495054589137,13,0.31181854748131155
0.9969691648096226,29.613372768151496,8,0.3249820985025349
0.9450028993020857,51.44343825187083,17,0.36856483552893293
0.9546562266246602,49.89091066650803,17,0.2713557807335173
0.9817834342585093,43.35384756445575,13,0.3833408903209618
0.9646722895363808,51.89070066956093,19,0.3064895559724507
0.9893793720456743,28.54415436661531,8,0.3257287131964717
0.9968312651011394,23.86209605309498,8,0.3391881736799752
0.9155160552933825,49.23469502264917,17,0.38562987468993654
0.9784447820438288,40.010316773602746,12,0.502032513868053
0.9994634857533137,28.76147526123382,8,0.22313806627696567
0.9972882122944632,20.20902513687169,21,0.2914381423677924
0.9716211497328767,49.595427025999264,18,0.43373278639623025
0.9815232495725531,27.370581723658685,8,0.24971467683833412
0.9744050370562991,37.054282235685854,11,0.38834298242399495
